[
{
    "model": "stores.store",
    "pk": 1,
    "fields": {
        "name": "\uc774\ucee4\ud53c(e-coffee)",
        "num": "02-2292-6667",
        "addr": "\uc11c\uc6b8 \uc131\ub3d9\uad6c \ubb34\ud559\ubd09\uae38 57, 1\uce35 \uc774\ucee4\ud53c",
        "open_hour": "10:00:00",
        "closed_hour": "22:00:00",
        "service": "\uce74\ub4dc \uc18c\uc9c0\uc790, \uc18c\ubc29\uacf5\ubb34\uc6d0 + \ub3d9\ubc181\uc778 \uc804\uba54\ub274 \ubb34\uc0c1\uc81c\uacf5"
    }
},
{
    "model": "stores.store",
    "pk": 2,
    "fields": {
        "name": "\ubc30\ub2ec\uc9dc\uae00oh\uc9dc\uae00 \uc548\uc0b0\uc0c1\ub85d\uc810, \uafc0\ub2e8\uc9c0\ub9cc\uc6d0\ud3ec\ucc28",
        "num": "031-512-1459",
        "addr": "\uacbd\uae30\ub3c4 \uc548\uc0b0\uc2dc \uc0c1\ub85d\uad6c \ubcf8\uc624\ub3d9 859\ubc88\uc9c0 1\uce35",
        "open_hour": "11:00:00",
        "closed_hour": "01:00:00",
        "service": "\uc18c\ubc29\uacf5\ubb34\uc6d0 + \ub3d9\ubc181\uc778 \uc804\uba54\ub274 \uc81c\uacf5"
    }
},
{
    "model": "stores.store",
    "pk": 3,
    "fields": {
        "name": "\uc720\uac00\ub124 \ub2ed\uac08\ube44 \uc6b4\uc11c\uc5ed\uc810",
        "num": "032-751-9255",
        "addr": "\uc778\ucc9c \uc911\uad6c \uc2e0\ub3c4\uc2dc\ub0a8\ub85c 142\ubc88\uae38 1",
        "open_hour": "11:00:00",
        "closed_hour": "22:00:00",
        "service": "\uce74\ub4dc \uc18c\uc9c0\uc790 \ubcf8\uc778\ub9cc \ucca0\ud310\ubcf6\uc74c\ubc25 \ub3c4\uc2dc\ub77d \uc804\uba54\ub274 \uc911 1\uac1c"
    }
},
{
    "model": "stores.store",
    "pk": 4,
    "fields": {
        "name": "\ub0ad\ub9cc\uc170\ud504\ub77c\uba58",
        "num": "070-4647-1118",
        "addr": "\uc778\ucc9c \ub0a8\ub3d9\uad6c \ub9cc\uc218\ub85c45\ubc88\uae38 15 1\uce35 6\ud638",
        "open_hour": "11:00:00",
        "closed_hour": "22:00:00",
        "service": "\uce74\ub4dc \uc18c\uc9c0\uc790, \uc18c\ubc29\uacf5\ubb34\uc6d0 \uc804\uba54\ub274 \uc81c\uacf5"
    }
},
{
    "model": "stores.store",
    "pk": 5,
    "fields": {
        "name": "\ud64d\ub300 \uc721\ub3d9",
        "num": "02-338-1142",
        "addr": "\uc11c\uc6b8\uc2dc \ub9c8\ud3ec\uad6c \uc11c\uad50\ub3d9 355-13 1\uce35",
        "open_hour": "15:00:00",
        "closed_hour": "02:00:00",
        "service": "\uce74\ub4dc \uc18c\uc9c0\uc790 + \ub3d9\ubc181\uc778 \uc804\uba54\ub274 5\ub9cc\uc6d0 \uc774\ub0b4 \uc2dd\uc0ac \uac00\ub2a5"
    }
},
{
    "model": "stores.store",
    "pk": 6,
    "fields": {
        "name": "\ub9dd\uc6d0\ub3d9 \ucd08\uc6d4\uc591\uacf1\ucc3d",
        "num": "02-332-2134",
        "addr": "\uc11c\uc6b8\uc2dc \ub9c8\ud3ec\uad6c \ub9dd\uc6d0\ub3d9 338-39 1\uce35",
        "open_hour": "16:00:00",
        "closed_hour": "02:00:00",
        "service": "\uce74\ub4dc \uc18c\uc9c0\uc790 + \ub3d9\ubc18 1\uc778 \uc804\uba54\ub274 5\ub9cc\uc6d0 \uc774\ub0b4 \uc2dd\uc0ac \uac00\ub2a5"
    }
},
{
    "model": "stores.store",
    "pk": 7,
    "fields": {
        "name": "\uc22f\ub2ed\ubb34",
        "num": "031-233-5592",
        "addr": "\uacbd\uae30\ub3c4 \uc218\uc6d0\uc2dc \uad8c\uc120\uad6c \uae08\uace1\ub3d9 1089\ubc88\uc9c0 \uac74\uc6b0\ud504\ub77c\uc790 201,202\ud638",
        "open_hour": "16:00:00",
        "closed_hour": "00:00:00",
        "service": "\uce74\ub4dc \uc18c\uc9c0\uc790 + \ub3d9\ubc182\uc778 \ubb34\ud55c\ub9ac\ud544"
    }
},
{
    "model": "stores.store",
    "pk": 8,
    "fields": {
        "name": "\ub610\ubc14\uae30\uc218\uc81c\ub3c4\uc2dc\ub77d",
        "num": "010-3746-8979",
        "addr": "\uac15\uc6d0\ub3c4 \uc6d0\uc8fc\uc2dc \uba85\ub95c\ub3d9 830-2",
        "open_hour": "10:00:00",
        "closed_hour": "20:00:00",
        "service": "\uce74\ub4dc \uc18c\uc9c0\uc790 + \ub3d9\ubc181\uc778 \uc804\uba54\ub274 \uc81c\uacf5"
    }
},
{
    "model": "stores.store",
    "pk": 9,
    "fields": {
        "name": "\ud788\uc757\ucee4\ud53c",
        "num": "052-256-3353",
        "addr": "\uc6b8\uc0b0 \ub0a8\uad6c \uc0bc\uc0b0\ub85c 156\ubc88\uae38 5-32",
        "open_hour": "08:00:00",
        "closed_hour": "20:00:00",
        "service": "\uce74\ub4dc \uc18c\uc9c0\uc790 + \ub3d9\ubc181\uc778 \uc804\uba54\ub274 \uc81c\uacf5"
    }
},
{
    "model": "stores.store",
    "pk": 10,
    "fields": {
        "name": "\ub2e4\ube44\uce58\uc548\uacbd \uc544\uc8fc\ub300\uc0bc\uac70\ub9ac\uc810",
        "num": "031-217-7551",
        "addr": "\uacbd\uae30\ub3c4 \uc218\uc6d0\uc2dc \ud314\ub2ec\uad6c \uc544\uc8fc\ub85c 3 \ub300\ud559\ube4c\ub529",
        "open_hour": "10:00:00",
        "closed_hour": "21:30:00",
        "service": "\uce74\ub4dc \uc18c\uc9c0\uc790(18\uc138 \ubbf8\ub9cc \ubcf8\uc778\ub9cc) 1,3,5\ub9cc\uc6d0 \uc548\uacbd\ud14c \uc911 \uc6d0\ud558\ub294 \uc548\uacbd\uc5d0 \ub3c4\uc218\ub9de\ub294 \uc548\uacbd\ub80c\uc988 \uc81c\uacf5"
    }
},
{
    "model": "stores.store",
    "pk": 11,
    "fields": {
        "name": "\ub2e4\ube44\uce58\uc548\uacbd \ud589\uc2e0\ub86f\ub370\ub9c8\ud2b8 \uc606\uc810",
        "num": "031-972-1357",
        "addr": "\uacbd\uae30\ub3c4 \uace0\uc591\uc2dc \ub355\uc591\uad6c \ucda9\uac15\ub85c 140 \uc36c\ud504\ub77c\uc790 \ub2e4\ube44\uce58\uc548\uacbd",
        "open_hour": "09:30:00",
        "closed_hour": "22:00:00",
        "service": "\uce74\ub4dc \uc18c\uc9c0\uc790(18\uc138 \ubbf8\ub9cc \ubcf8\uc778\ub9cc) 1,3,5\ub9cc\uc6d0 \uc548\uacbd\ud14c \uc911 \uc6d0\ud558\ub294 \uc548\uacbd\uc5d0 \ub3c4\uc218\ub9de\ub294 \uc548\uacbd\ub80c\uc988 \uc81c\uacf5"
    }
},
{
    "model": "stores.store",
    "pk": 12,
    "fields": {
        "name": "\uc810\ud551\ubaac\uc2a4\ud130 \uc218\uc9c0\uc0c1\ud604\uc810",
        "num": "031-261-7988",
        "addr": "\uacbd\uae30\ub3c4 \uc6a9\uc778\uc2dc \uc218\uc9c0\uace0 \ub9cc\ud604\ub85c 82-4 \ud5e4\ub974\uba54\uc2a4 \uc0c1\uac00 5\uce35 505\ud638",
        "open_hour": "15:00:00",
        "closed_hour": "22:00:00",
        "service": "\uce74\ub4dc \uc18c\uc9c0\uc790 \ubcf8\uc778\ub9cc 2\uc2dc\uac04 \uc785\uc7a5\ub8cc, \ubaa8\ub4e0 \uc2dd\uc74c\ub8cc \uba54\ub274 \uc911 1\uac1c"
    }
},
{
    "model": "stores.store",
    "pk": 13,
    "fields": {
        "name": "\uad50\ub3d9\uc9ec\ubf55 \ubcd1\uc810\uc810",
        "num": "031-221-8978",
        "addr": "\uacbd\uae30\ub3c4 \ud654\uc131\uc2dc \uacbd\uae30\ub300\ub85c 1027 \uad50\ub3d9\uc9ec\ubf55",
        "open_hour": "10:30:00",
        "closed_hour": "21:30:00",
        "service": "\uce74\ub4dc \uc18c\uc9c0\uc790 + \ub3d9\ubc181\uc778 \uc804\uba54\ub274 \uc81c\uacf5"
    }
},
{
    "model": "stores.store",
    "pk": 14,
    "fields": {
        "name": "\ubaac\uc2a4\ud0c0\uc250\ud504\uc758 \uc0ac\uc0ac\uacf1\ucc3d",
        "num": "02-421-4433",
        "addr": "\uc11c\uc6b8\uc2dc \uc1a1\ud30c\uad6c \ubc29\uc774\ub3d9 62-12 \ub3d9\ub3c4\ube4c\ub529 1\uce35",
        "open_hour": "15:00:00",
        "closed_hour": "00:30:00",
        "service": "\uce74\ub4dc \uc18c\uc9c0\uc790, \uc18c\ubc29\uacf5\ubb34\uc6d0 \uc804\uba54\ub274 \uc81c\uacf5"
    }
},
{
    "model": "stores.store",
    "pk": 15,
    "fields": {
        "name": "\ub2ec\ube5b\uac00\ub8e8",
        "num": "010-2878-7014",
        "addr": "\uc11c\uc6b8\uc2dc \uc740\ud3c9\uad6c \uc751\uc554\ub85c 34\uae38 23-38 1\uce35",
        "open_hour": "12:00:00",
        "closed_hour": "20:00:00",
        "service": "\uce74\ub4dc \uc18c\uc9c0\uc790, \uc18c\ubc29\uacf5\ubb34\uc6d0 + \ub3d9\ubc181\uc778 \ub514\uc800\ud2b8 1\uac1c, \uc74c\ub8cc 1\uc794 \uc81c\uacf5"
    }
},
{
    "model": "stores.store",
    "pk": 16,
    "fields": {
        "name": "\ub2ed\ub9cc\uacf5\uaca9",
        "num": "054-748-666",
        "addr": "\uacbd\uc0c1\ubd81\ub3c4 \uacbd\uc8fc\uc2dc \uad6c\ub9e43\uae38 28",
        "open_hour": "13:00:00",
        "closed_hour": "02:00:00",
        "service": "\uce74\ub4dc \uc18c\uc9c0\uc790 \ubcf8\uc778 \ud6c4\ub77c\uc774\ub4dc 1\ub9c8\ub9ac \uc81c\uacf5"
    }
},
{
    "model": "stores.store",
    "pk": 17,
    "fields": {
        "name": "\ub9c8\ud53c\uc544\ub5a1\ubcf6\uc774 \uc218\uc6d0\uad8c\uc120\uc810",
        "num": "031-8067-6620",
        "addr": "\uacbd\uae30\ub3c4 \uc218\uc6d0\uc2dc \uad8c\uc120\uad6c \uad8c\uc120\ub3d9 976-5 1\uce35",
        "open_hour": "11:00:00",
        "closed_hour": "04:30:00",
        "service": "\uce74\ub4dc \uc18c\uc9c0\uc790, \uc18c\ubc29\uacf5\ubb34\uc6d0 \ub5a1\ubcf6\uc774 \uc81c\uacf5"
    }
},
{
    "model": "stores.store",
    "pk": 18,
    "fields": {
        "name": "25\uc2dc \ud638\uc2a4\ud154",
        "num": "051-703-3088",
        "addr": "\ubd80\uc0b0\uc2dc \ud574\uc6b4\ub300\uad6c \uc1a1\uc815\uad11\uc5b4\uace8\ub85c 29 3\uce35",
        "open_hour": "11:00:00",
        "closed_hour": "10:00:00",
        "service": "\uce74\ub4dc \uc18c\uc9c0\uc790 + \ub3d9\ubc181\uc778 \uc219\ubc15\uad8c \uc81c\uacf5(\uc544\uce68, \uc800\ub141 \uc81c\uacf5)"
    }
},
{
    "model": "stores.store",
    "pk": 19,
    "fields": {
        "name": "\ub9ac\uc5bc\ud30c\uc2a4\ud0c0 (\ub9dd\uc6d0\uc810)",
        "num": "010-3724-5002",
        "addr": "\uc11c\uc6b8\uc2dc \ub9c8\ud3ec\uad6c \ub3d9\uad50\ub85c9\uae38 28 1\uce35",
        "open_hour": "11:00:00",
        "closed_hour": "22:00:00",
        "service": "\uce74\ub4dc \uc18c\uc9c0\uc790 + \ub3d9\ubc181\uc778 \uc804\uba54\ub274 \uc81c\uacf5"
    }
},
{
    "model": "stores.store",
    "pk": 20,
    "fields": {
        "name": "\uccad\ucc9c\uace0\uae30\uc0ac\ub791",
        "num": "032-330-9433",
        "addr": "\uc778\ucc9c\uad11\uc5ed\uc2dc \ubd80\ud3c9\uad6c \ub9c8\uc7a5\ub85c 450",
        "open_hour": "13:00:00",
        "closed_hour": "02:00:00",
        "service": "\uce74\ub4dc \uc18c\uc9c0\uc790 + \ub3d9\ubc182\uc778 \uc77c\ubd80 \ud488\ubaa9 \uc81c\uacf5"
    }
},
{
    "model": "stores.store",
    "pk": 21,
    "fields": {
        "name": "\ud3ec\ud06c\ud3ec\ud06c \ucda9\uc8fc\uc810",
        "num": "043-846-8469",
        "addr": "\ucda9\uccad\ubd81\ub3c4 \ucda9\uc8fc\uc2dc \uc5f0\uc218\ub3d9 1375\ubc88\uc9c0",
        "open_hour": "11:00:00",
        "closed_hour": "21:00:00",
        "service": "\uce74\ub4dc \uc18c\uc9c0\uc790 \ubcf8\uc778 \uc804\uba54\ub274 \uc81c\uacf5"
    }
},
{
    "model": "stores.store",
    "pk": 22,
    "fields": {
        "name": "\ub514\uc5bc\ube0c\ub77c\uc6b4",
        "num": "070-4222-9555",
        "addr": "\uc11c\uc6b8\uc2dc \ub9c8\ud3ec\uad6c \ub3c5\ub9c9\ub85c2\uae38 18",
        "open_hour": "12:00:00",
        "closed_hour": "22:00:00",
        "service": "\uce74\ub4dc \uc18c\uc9c0\uc790 \uc74c\ub8cc 1\uc794+ \ub514\uc800\ud2b8 1\uac1c (\uc6d4 2\ud68c \uac00\ub2a5) \uc0dd\uc77c \uc788\ub294 \ub2ec\uc5d4 \ud640\ucf00\uc775 \uc81c\uacf5"
    }
},
{
    "model": "stores.store",
    "pk": 23,
    "fields": {
        "name": "\uc624\ub798\uac00\ub294 \ud5e4\uc5b4\uc0f5",
        "num": "010-9440-9754",
        "addr": "\uc11c\uc6b8\uc2dc \uc740\ud3c9\uad6c \uc751\uc554\ub3d9 579-1",
        "open_hour": "11:00:00",
        "closed_hour": "20:00:00",
        "service": "\uce74\ub4dc \uc18c\uc9c0\uc790 \ubcf8\uc778 \ucef7\ud2b8 \ubb34\ub8cc"
    }
},
{
    "model": "stores.store",
    "pk": 24,
    "fields": {
        "name": "\uc11c\ucabd\ub178\uc744 \uc989\uc11d\ub5a1\ubcf6\uc774",
        "num": "070-4184-0888",
        "addr": "\uc778\ucc9c \uc911\uad6c \ud558\ub298\ub2ec\ube5b\ub85c 64\ubc88\uae38 4, JK\ud504\ub77c\uc790 104\ud638",
        "open_hour": "11:00:00",
        "closed_hour": "20:00:00",
        "service": "\uce74\ub4dc \uc18c\uc9c0\uc790, \uc18c\ubc29\uacf5\ubb34\uc6d0, \ud5cc\ud608\uc99d \uc804\uba54\ub274 \ubb34\ub8cc"
    }
},
{
    "model": "stores.store",
    "pk": 25,
    "fields": {
        "name": "\uc9c4\ub2ec\ub798 \uce74\ud398",
        "num": "032-613-1458",
        "addr": "\uacbd\uae30\ub3c4 \ubd80\ucc9c\uc2dc \uc18c\uc0ac\ub85c 482 \ubd80\ucc9c\uc885\ud569\uc6b4\ub3d9\uc7a5 \uad6d\uad81\uc7a5 \uc606 \uc9c4\ub2ec\ub798",
        "open_hour": "10:00:00",
        "closed_hour": "21:00:00",
        "service": "\uce74\ub4dc \uc18c\uc9c0\uc790 + \ub3d9\ubc181\uc778 \uc804\uba54\ub274 \uc81c\uacf5"
    }
},
{
    "model": "stores.store",
    "pk": 26,
    "fields": {
        "name": "\ub86f\ub370 \uba85\ud488 \uc138\ud0c1",
        "num": "02-6397-0077",
        "addr": "\uc11c\uc6b8\uc2dc \uae08\ucc9c\uad6c \ubc9a\uaf43\ub85c 30, 205\ub3d9 126\ud638",
        "open_hour": "08:30:00",
        "closed_hour": "20:00:00",
        "service": "\uce74\ub4dc \uc18c\uc9c0\uc790 \ubcf8\uc778 \uad50\ubcf5 \ud55c \ubc8c \ub4dc\ub77c\uc774 or \uc6b4\ub3d9\ud654 1\ucf24\ub808 \uc138\ud0c1"
    }
},
{
    "model": "stores.store",
    "pk": 27,
    "fields": {
        "name": "1999\ud5e4\uc5b4",
        "num": "010-6606-7916",
        "addr": "\uc11c\uc6b8\uc2dc \uac15\uc11c\uad6c \ub4f1\ucd0c\ub3d9 643-51 \uc6b0\uc9c4\ub9e8\uc158 1\uce35",
        "open_hour": "10:30:00",
        "closed_hour": "20:00:00",
        "service": "\uce74\ub4dc \uc18c\uc9c0\uc790 + \ub3d9\ubc182\uc778 \ud5e4\uc5b4 \ucef7\ud2b8 \ubb34\ub8cc"
    }
},
{
    "model": "stores.store",
    "pk": 28,
    "fields": {
        "name": "\uc62c\ub77c\ucfe0\uce58\ub098",
        "num": "010-5703-7418",
        "addr": "\uacbd\uae30\ub3c4 \ud654\uc131\uc2dc \ubd09\ub2f4\uc74d \ub3d9\ud654\uae38 51 \uc6d0\ud76c\uce90\uc2ac 2\uce35",
        "open_hour": "11:00:00",
        "closed_hour": "22:00:00",
        "service": "\uce74\ub4dc \uc18c\uc9c0\uc790 + \ub3d9\ubc181\uc778 \uc2a4\ud14c\uc774\ud06c \uc81c\uc678 \ubaa8\ub4e0 \uba54\ub274"
    }
},
{
    "model": "stores.store",
    "pk": 29,
    "fields": {
        "name": "\uc624\ub298\ub3c4 \uccad\ucd98\uac08\ub9e4\uae30 \uc624\uc0b0\ub300\uc5ed\uc810",
        "num": "031-377-1557",
        "addr": "\uacbd\uae30\ub3c4 \uc624\uc0b0\uc2dc \uc218\uccad\ub3d9 619-9, 108\ud638",
        "open_hour": "16:00:00",
        "closed_hour": "00:00:00",
        "service": "\uce74\ub4dc\uc18c\uc9c0\uc790 (\uc81c\ud55c\uc5c6\uc74c) \uc804\uba54\ub274 \uc81c\uacf5"
    }
},
{
    "model": "stores.store",
    "pk": 30,
    "fields": {
        "name": "\ubca0\uc5b4\ucea3 \uc2a4\ud29c\ub514\uc624",
        "num": "031-647-6811",
        "addr": "\uacbd\uae30\ub3c4 \ud3c9\ud0dd\uc2dc \ub9cc\uc138\ub85c 1849 3\uce35",
        "open_hour": "10:00:00",
        "closed_hour": "19:00:00",
        "service": "\uce74\ub4dc \uc18c\uc9c0\uc790, \uc18c\ubc29\uacf5\ubb34\uc6d0 + \ub3d9\ubc181\uc778 \uc99d\uba85\uc0ac\uc9c4 \ubc0f \uc5ec\uad8c\uc0ac\uc9c4 \ubb34\ub8cc\ucd2c\uc601"
    }
},
{
    "model": "stores.store",
    "pk": 31,
    "fields": {
        "name": "\uc9c0\uae08, \ub3fc\uc9c0",
        "num": "054-624-7163",
        "addr": "\uacbd\uc0c1\ubd81\ub3c4 \uacbd\uc8fc\uc2dc \uc0b0\uc5c5\ub85c 4358",
        "open_hour": "17:00:00",
        "closed_hour": "22:00:00",
        "service": "\uce74\ub4dc \uc18c\uc9c0\uc790 \ubcf8\uc778\ub9cc \uc0bc\uacb9\uc0b4 2\uc778\ubd84 + \uae40\uce58\ucc0c\uac1c +\uacf5\uae30\ubc25"
    }
},
{
    "model": "stores.store",
    "pk": 32,
    "fields": {
        "name": "\uc544\uc774\uc2a4\ud06c\ub9bc \ud560\uc778\ub9c8\ud2b8(\uacbd\ud3ec\ucd08\ub4f1\ud559\uad50 \ud6c4\ubb38\uc55e, \ud0dd\uc9c0\uc810)",
        "num": "033-643-4390",
        "addr": "\uac15\uc6d0\ub3c4 \uac15\ub989\uc2dc \uac00\uc791\ub85c 34",
        "open_hour": "00:00:00",
        "closed_hour": "00:00:00",
        "service": "\uce74\ub4dc \uc18c\uc9c0\uc790 + \ub3d9\ubc183\uc778 \uacfc\uc790, \uc544\uc774\uc2a4\ud06c\ub9bc, \uc74c\ub8cc\uc218 3\ucc9c\uc6d0 \uc774\ub0b4 \uc81c\uacf5"
    }
},
{
    "model": "stores.store",
    "pk": 33,
    "fields": {
        "name": "\uc870\uc774\ud478\ub4dc",
        "num": "02-456-4004",
        "addr": "\uc11c\uc6b8\uc2dc \uc131\ub3d9\uad6c \uc131\uc218\uc774\ub85c66 \uc11c\uc6b8\uc232\ub4dc\ub9bc\ud0c0\uc6cc \uc9c0\ud558 101\ud638",
        "open_hour": "11:00:00",
        "closed_hour": "19:00:00",
        "service": "\uce74\ub4dc \uc18c\uc9c0\uc790 \ubcf8\uc778 \uc804\uba54\ub274 \uc81c\uacf5"
    }
},
{
    "model": "stores.store",
    "pk": 34,
    "fields": {
        "name": "\uccad\ucd98\uc2dd\ube75",
        "num": "070-8845-7817",
        "addr": "\uc11c\uc6b8\uc2dc \uc11c\ub300\ubb38\uad6c \uc601\ucc9c\uc2dc\uc7a5\uae3832 B\uc5f434",
        "open_hour": "10:00:00",
        "closed_hour": "20:00:00",
        "service": "\uce74\ub4dc \uc18c\uc9c0\uc790 \ubcf8\uc778 \ubbf8\ub2c8\uc2dd\ube75, \uc6b0\uc720\uc2dd\ube75 1\uac1c \uc120\ud0dd \uc81c\uacf5"
    }
},
{
    "model": "stores.store",
    "pk": 35,
    "fields": {
        "name": "\uccad\ucd98\uc2dd\ube75",
        "num": "070-8845-7817",
        "addr": "\uc11c\uc6b8\uc2dc \uc131\ub3d9\uad6c \uae08\ud638\ub85c13\uae38 3 1\uce35",
        "open_hour": "10:00:00",
        "closed_hour": "20:00:00",
        "service": "\uce74\ub4dc \uc18c\uc9c0\uc790 \ubcf8\uc778 \ubbf8\ub2c8\uc2dd\ube75, \uc6b0\uc720\uc2dd\ube75 1\uac1c \uc120\ud0dd \uc81c\uacf5"
    }
},
{
    "model": "stores.store",
    "pk": 36,
    "fields": {
        "name": "\uacf5\ubc29:\uc790\uc544 \uc2e4\ud604",
        "num": "070-4259-1101",
        "addr": "\uc11c\uc6b8\uc2dc \ub9c8\ud3ec\uad6c \uc640\uc6b0\uc0b0\ub85c13\uae38 49-13 202\ud638",
        "open_hour": "11:00:00",
        "closed_hour": "16:00:00",
        "service": "\uce74\ub4dc \uc18c\uc9c0\uc790 \ubcf8\uc778 \uacf5\ubc29 \uc81c\uc791 \uc81c\ud488 \uc911 \uc804\uc81c\ud488(\uc218\ub7c9 \uc218\uc775 \ube44\ub840 7% \ube44\uc728\ub85c \ud55c\uc815)"
    }
}
]
