[
{
    "model": "accounts.user",
    "pk": 1,
    "fields": {
        "password": "pbkdf2_sha256$120000$9lOrA96ZW7Ad$As+DzKHSmmXjHt+YDm3xmH2Ku9SWfphOtXkwM0Hs5kc=",
        "last_login": "2020-06-25T09:08:56.753Z",
        "is_superuser": true,
        "username": "admin",
        "first_name": "",
        "last_name": "",
        "email": "",
        "is_staff": true,
        "is_active": true,
        "date_joined": "2020-06-25T09:08:16.047Z",
        "phone": "",
        "name_kr": "",
        "store_regist": "",
        "store": null,
        "groups": [],
        "user_permissions": []
    }
}
]
