[{"model": "maps.code", "pk": 1, "fields": {"si": "Jeju", "code": 49}}, {"model": "maps.code", "pk": 2, "fields": {"si": "South Gyeongsang", "code": 48}}, {"model": "maps.code", "pk": 3, "fields": {"si": "North Gyeongsang", "code": 47}}, {"model": "maps.code", "pk": 4, "fields": {"si": "South Jeolla", "code": 46}}, {"model": "maps.code", "pk": 5, "fields": {"si": "North Jeolla", "code": 45}}, {"model": "maps.code", "pk": 6, "fields": {"si": "South Chungcheong", "code": 44}}, {"model": "maps.code", "pk": 7, "fields": {"si": "North Chungcheong", "code": 43}}, {"model": "maps.code", "pk": 8, "fields": {"si": "Gangwon", "code": 42}}, {"model": "maps.code", "pk": 9, "fields": {"si": "Gyeonggi", "code": 41}}, {"model": "maps.code", "pk": 10, "fields": {"si": "Ulsan", "code": 31}}, {"model": "maps.code", "pk": 11, "fields": {"si": "Daejeon", "code": 30}}, {"model": "maps.code", "pk": 12, "fields": {"si": "Gwangju", "code": 29}}, {"model": "maps.code", "pk": 13, "fields": {"si": "Incheon", "code": 28}}, {"model": "maps.code", "pk": 14, "fields": {"si": "Daegu", "code": 27}}, {"model": "maps.code", "pk": 15, "fields": {"si": "Busan", "code": 26}}, {"model": "maps.code", "pk": 16, "fields": {"si": "Seoul", "code": 11}}, {"model": "maps.code", "pk": 17, "fields": {"si": "Sejong", "code": 50}}]