[{"model": "maps.map", "pk": 1, "fields": {"lat": 37.560911, "lon": 127.029093, "dong": "\ud558\uc655\uc2ed\ub9ac\ub3d9", "store": 1, "code": 16}}, {"model": "maps.map", "pk": 2, "fields": {"lat": 37.29292, "lon": 126.868164, "dong": "\ubcf8\uc624\ub3d9", "store": 2, "code": 9}}, {"model": "maps.map", "pk": 3, "fields": {"lat": 37.494084, "lon": 126.490787, "dong": "\uc911\uad6c", "store": 3, "code": 13}}, {"model": "maps.map", "pk": 4, "fields": {"lat": 37.460801, "lon": 126.732862, "dong": "\ub9cc\uc2182\ub3d9", "store": 4, "code": 13}}]